-- ================================================================
-- Verdanote Analytics — Data Migration to new Supabase project
-- New project: gwyxaqoaldnaavkjqquv
-- ================================================================

-- 1. PROFILES (delete trigger-created rows first, then insert with id=user_id=auth UUID)
DELETE FROM public.profiles WHERE user_id IN (
  'c4a73c17-b4d6-462f-b5fa-1ab907660b9a','97feabd5-65e5-4cd3-8211-277761a94b1a',
  'afffe342-258a-4b82-a291-c71a8672c034','dac05807-cf0b-4087-9a24-67e7d66bf643',
  'a5eca8a3-2eb8-4ebf-b8e4-8567275cad71','83b04526-3ebc-4127-971e-e33ba67df954',
  '3992ccc5-36c2-40a2-bc82-b7cdfb0c8040','fec999d0-9878-4fc1-9383-1e0b70cf43d6',
  '6af6e1a5-5cd3-492a-81fd-de30e027fd8a','c8d440d7-f5f6-46bd-a0d9-0c89c3a71a1a',
  'ad07d1fb-ab2e-461c-83ab-e328cd5004cc','63756742-d2a3-47bb-b316-0339ac9a5376',
  'c7812770-ad0c-443f-ac63-128970575c36','91e3051f-1e80-47fe-aa45-53f55024b38e'
);
INSERT INTO public.profiles (id, user_id, email, display_name, created_at, updated_at) VALUES
  ('c4a73c17-b4d6-462f-b5fa-1ab907660b9a', 'c4a73c17-b4d6-462f-b5fa-1ab907660b9a', 'denzel.adame.0315@gmail.com', 'denzel.adame.0315', '2026-03-16T19:15:15.603327+00:00', '2026-03-16T19:15:15.603327+00:00'),
  ('97feabd5-65e5-4cd3-8211-277761a94b1a', '97feabd5-65e5-4cd3-8211-277761a94b1a', 'amandagordon@goodostudios.com', 'amandagordon', '2026-03-20T15:12:55.903223+00:00', '2026-03-20T15:12:55.903223+00:00'),
  ('afffe342-258a-4b82-a291-c71a8672c034', 'afffe342-258a-4b82-a291-c71a8672c034', 'sadie@goodostudios.com', 'sadie', '2026-02-27T16:58:36.880348+00:00', '2026-02-27T16:58:36.880348+00:00'),
  ('dac05807-cf0b-4087-9a24-67e7d66bf643', 'dac05807-cf0b-4087-9a24-67e7d66bf643', 'rendyabipratama@gmail.com', 'rendyabipratama', '2026-03-16T19:17:15.566764+00:00', '2026-03-16T19:17:15.566764+00:00'),
  ('a5eca8a3-2eb8-4ebf-b8e4-8567275cad71', 'a5eca8a3-2eb8-4ebf-b8e4-8567275cad71', 'adrian@goodostudios.com', 'adrian', '2026-03-20T15:14:11.485752+00:00', '2026-03-20T15:14:11.485752+00:00'),
  ('83b04526-3ebc-4127-971e-e33ba67df954', '83b04526-3ebc-4127-971e-e33ba67df954', 'matthew@goodostudios.com', 'matthew', '2026-02-12T04:17:54.340983+00:00', '2026-02-12T04:17:54.340983+00:00'),
  ('3992ccc5-36c2-40a2-bc82-b7cdfb0c8040', '3992ccc5-36c2-40a2-bc82-b7cdfb0c8040', 'jenmahoney@goodostudios.com', 'jenmahoney', '2026-04-15T16:00:11.550375+00:00', '2026-04-15T16:00:11.550375+00:00'),
  ('fec999d0-9878-4fc1-9383-1e0b70cf43d6', 'fec999d0-9878-4fc1-9383-1e0b70cf43d6', 'damian@goodostudios.com', 'damian', '2026-03-20T15:13:56.765725+00:00', '2026-03-20T15:13:56.765725+00:00'),
  ('6af6e1a5-5cd3-492a-81fd-de30e027fd8a', '6af6e1a5-5cd3-492a-81fd-de30e027fd8a', 'chloe@goodostudios.com', 'chloe', '2026-03-20T15:12:14.196067+00:00', '2026-03-20T15:12:14.196067+00:00'),
  ('c8d440d7-f5f6-46bd-a0d9-0c89c3a71a1a', 'c8d440d7-f5f6-46bd-a0d9-0c89c3a71a1a', 'ricky@goodostudios.com', 'ricky', '2026-03-20T15:12:37.839339+00:00', '2026-03-20T15:12:37.839339+00:00'),
  ('ad07d1fb-ab2e-461c-83ab-e328cd5004cc', 'ad07d1fb-ab2e-461c-83ab-e328cd5004cc', 'pawelliberda14@gmail.com', 'pawelliberda14', '2026-03-16T19:16:41.299204+00:00', '2026-03-16T19:16:41.299204+00:00'),
  ('63756742-d2a3-47bb-b316-0339ac9a5376', '63756742-d2a3-47bb-b316-0339ac9a5376', 'rachelmatulle@goodostudios.com', 'rachelmatulle', '2026-02-16T14:22:18.335999+00:00', '2026-02-16T14:22:18.335999+00:00'),
  ('c7812770-ad0c-443f-ac63-128970575c36', 'c7812770-ad0c-443f-ac63-128970575c36', 'francoisranola15@gmail.com', 'francoisranola15', '2026-03-16T19:00:00+00:00', '2026-03-16T19:00:00+00:00'),
  ('91e3051f-1e80-47fe-aa45-53f55024b38e', '91e3051f-1e80-47fe-aa45-53f55024b38e', 'sabina@goodostudios.com', 'sabina', '2026-03-20T15:00:00+00:00', '2026-03-20T15:00:00+00:00');

-- 2. USER_ROLES (delete-then-insert for idempotency regardless of constraint shape)
DELETE FROM public.user_roles WHERE user_id IN (
  'c4a73c17-b4d6-462f-b5fa-1ab907660b9a','97feabd5-65e5-4cd3-8211-277761a94b1a',
  'afffe342-258a-4b82-a291-c71a8672c034','dac05807-cf0b-4087-9a24-67e7d66bf643',
  'a5eca8a3-2eb8-4ebf-b8e4-8567275cad71','83b04526-3ebc-4127-971e-e33ba67df954',
  '3992ccc5-36c2-40a2-bc82-b7cdfb0c8040','fec999d0-9878-4fc1-9383-1e0b70cf43d6',
  '6af6e1a5-5cd3-492a-81fd-de30e027fd8a','c8d440d7-f5f6-46bd-a0d9-0c89c3a71a1a',
  'ad07d1fb-ab2e-461c-83ab-e328cd5004cc','63756742-d2a3-47bb-b316-0339ac9a5376',
  'c7812770-ad0c-443f-ac63-128970575c36','91e3051f-1e80-47fe-aa45-53f55024b38e'
);
INSERT INTO public.user_roles (id, user_id, role) VALUES
  (gen_random_uuid(), 'c4a73c17-b4d6-462f-b5fa-1ab907660b9a', 'employee'::app_role),
  (gen_random_uuid(), '97feabd5-65e5-4cd3-8211-277761a94b1a', 'builder'::app_role),
  (gen_random_uuid(), 'afffe342-258a-4b82-a291-c71a8672c034', 'builder'::app_role),
  (gen_random_uuid(), 'dac05807-cf0b-4087-9a24-67e7d66bf643', 'employee'::app_role),
  (gen_random_uuid(), 'a5eca8a3-2eb8-4ebf-b8e4-8567275cad71', 'employee'::app_role),
  (gen_random_uuid(), '83b04526-3ebc-4127-971e-e33ba67df954', 'builder'::app_role),
  (gen_random_uuid(), '3992ccc5-36c2-40a2-bc82-b7cdfb0c8040', 'employee'::app_role),
  (gen_random_uuid(), 'fec999d0-9878-4fc1-9383-1e0b70cf43d6', 'employee'::app_role),
  (gen_random_uuid(), '6af6e1a5-5cd3-492a-81fd-de30e027fd8a', 'employee'::app_role),
  (gen_random_uuid(), 'c8d440d7-f5f6-46bd-a0d9-0c89c3a71a1a', 'employee'::app_role),
  (gen_random_uuid(), 'ad07d1fb-ab2e-461c-83ab-e328cd5004cc', 'employee'::app_role),
  (gen_random_uuid(), '63756742-d2a3-47bb-b316-0339ac9a5376', 'employee'::app_role),
  (gen_random_uuid(), 'c7812770-ad0c-443f-ac63-128970575c36', 'employee'::app_role),
  (gen_random_uuid(), '91e3051f-1e80-47fe-aa45-53f55024b38e', 'employee'::app_role);

-- 3. AD_ACCOUNTS (cleanup test row + insert real data)
DELETE FROM public.ad_accounts WHERE id = 'act_test_001';
INSERT INTO public.ad_accounts (attribution_model, attribution_notes, click_window, client_responsiveness, client_start_date, company_description, company_pdf_url, created_at, creative_analysis_prompt, creative_count, date_range_days, id, industry_category, insights_prompt, is_active, iteration_spend_threshold, kill_scale_kpi, kill_scale_kpi_direction, kill_threshold, last_data_sync, last_media_sync, last_scheduled_report_at, last_synced_at, logo_url, name, next_sync_at, portfolio_cta_url, portfolio_enabled, portfolio_headline, portfolio_results, portfolio_slug, primary_kpi, report_schedule, scale_threshold, secondary_kpis, sync_frequency, sync_hour, sync_timezone, target_cpa, target_monthly_spend, target_roas, tiktok_access_token, tiktok_advertiser_id, untagged_count, updated_at, view_window, winner_kpi, winner_kpi_direction, winner_kpi_threshold, winner_roas_threshold) VALUES ('last_touch', NULL, 7, 'good', NULL, NULL, NULL, '2026-05-16T19:53:38.851494+00:00', NULL, 5, 180, 'act_782159176742035', NULL, NULL, true, 50, 'roas', 'gte', 1, '2026-05-17T10:30:08.108+00:00', '2026-05-17T03:00:02.941+00:00', NULL, '2026-05-17T10:30:15.651+00:00', NULL, 'Goodo Studios', NULL, 'https://goodostudios.com', false, NULL, '{}', NULL, 'Purchase ROAS > 1.5x', 'none', 2, 'CTR, Hook Rate, Volume', 'manual', 2, 'America/New_York', NULL, NULL, NULL, NULL, NULL, 5, '2026-05-17T10:30:15.700265+00:00', 1, 'roas', 'gte', 2, 2) ON CONFLICT (id) DO UPDATE SET name=EXCLUDED.name, is_active=EXCLUDED.is_active, sync_frequency=EXCLUDED.sync_frequency, date_range_days=EXCLUDED.date_range_days, updated_at=EXCLUDED.updated_at;
INSERT INTO public.ad_accounts (attribution_model, attribution_notes, click_window, client_responsiveness, client_start_date, company_description, company_pdf_url, created_at, creative_analysis_prompt, creative_count, date_range_days, id, industry_category, insights_prompt, is_active, iteration_spend_threshold, kill_scale_kpi, kill_scale_kpi_direction, kill_threshold, last_data_sync, last_media_sync, last_scheduled_report_at, last_synced_at, logo_url, name, next_sync_at, portfolio_cta_url, portfolio_enabled, portfolio_headline, portfolio_results, portfolio_slug, primary_kpi, report_schedule, scale_threshold, secondary_kpis, sync_frequency, sync_hour, sync_timezone, target_cpa, target_monthly_spend, target_roas, tiktok_access_token, tiktok_advertiser_id, untagged_count, updated_at, view_window, winner_kpi, winner_kpi_direction, winner_kpi_threshold, winner_roas_threshold) VALUES ('last_touch', NULL, 7, 'good', NULL, NULL, NULL, '2026-02-13T21:01:26.433368+00:00', NULL, 18376, 60, 'act_44401754', NULL, NULL, true, 500, 'roas', 'gte', 1, '2026-05-17T10:18:22.741+00:00', '2026-03-14T12:20:02.612+00:00', NULL, '2026-05-17T10:22:01.831+00:00', NULL, 'Natural Dog Company', '2026-03-15T07:13:59.316+00:00', 'https://goodostudios.com', false, NULL, '{}', NULL, 'Purchase ROAS > 1.5x', 'none', 2, 'CTR, Hook Rate, Volume', '12h', 2, 'America/New_York', NULL, NULL, NULL, NULL, NULL, 16049, '2026-05-17T10:22:01.849621+00:00', 1, 'roas', 'gte', 2, 2) ON CONFLICT (id) DO UPDATE SET name=EXCLUDED.name, is_active=EXCLUDED.is_active, sync_frequency=EXCLUDED.sync_frequency, date_range_days=EXCLUDED.date_range_days, updated_at=EXCLUDED.updated_at;
INSERT INTO public.ad_accounts (attribution_model, attribution_notes, click_window, client_responsiveness, client_start_date, company_description, company_pdf_url, created_at, creative_analysis_prompt, creative_count, date_range_days, id, industry_category, insights_prompt, is_active, iteration_spend_threshold, kill_scale_kpi, kill_scale_kpi_direction, kill_threshold, last_data_sync, last_media_sync, last_scheduled_report_at, last_synced_at, logo_url, name, next_sync_at, portfolio_cta_url, portfolio_enabled, portfolio_headline, portfolio_results, portfolio_slug, primary_kpi, report_schedule, scale_threshold, secondary_kpis, sync_frequency, sync_hour, sync_timezone, target_cpa, target_monthly_spend, target_roas, tiktok_access_token, tiktok_advertiser_id, untagged_count, updated_at, view_window, winner_kpi, winner_kpi_direction, winner_kpi_threshold, winner_roas_threshold) VALUES ('last_touch', NULL, 7, 'good', NULL, NULL, NULL, '2026-02-13T21:01:18.652108+00:00', NULL, 23652, 60, 'act_1760345574189340', NULL, NULL, true, 500, 'roas', 'gte', 1, '2026-05-17T11:20:51.005+00:00', '2026-03-14T12:11:55.895+00:00', NULL, '2026-05-17T11:36:19.013+00:00', NULL, 'Pela Case', '2026-03-15T07:14:02.167+00:00', 'https://goodostudios.com', false, NULL, '{}', NULL, 'Purchase ROAS > 1.5x', 'none', 2, 'CTR, Hook Rate, Volume', '12h', 2, 'America/New_York', NULL, NULL, NULL, NULL, NULL, 12983, '2026-05-17T11:36:19.026191+00:00', 1, 'roas', 'gte', 2, 2) ON CONFLICT (id) DO UPDATE SET name=EXCLUDED.name, is_active=EXCLUDED.is_active, sync_frequency=EXCLUDED.sync_frequency, date_range_days=EXCLUDED.date_range_days, updated_at=EXCLUDED.updated_at;
INSERT INTO public.ad_accounts (attribution_model, attribution_notes, click_window, client_responsiveness, client_start_date, company_description, company_pdf_url, created_at, creative_analysis_prompt, creative_count, date_range_days, id, industry_category, insights_prompt, is_active, iteration_spend_threshold, kill_scale_kpi, kill_scale_kpi_direction, kill_threshold, last_data_sync, last_media_sync, last_scheduled_report_at, last_synced_at, logo_url, name, next_sync_at, portfolio_cta_url, portfolio_enabled, portfolio_headline, portfolio_results, portfolio_slug, primary_kpi, report_schedule, scale_threshold, secondary_kpis, sync_frequency, sync_hour, sync_timezone, target_cpa, target_monthly_spend, target_roas, tiktok_access_token, tiktok_advertiser_id, untagged_count, updated_at, view_window, winner_kpi, winner_kpi_direction, winner_kpi_threshold, winner_roas_threshold) VALUES ('last_touch', NULL, 7, 'good', NULL, NULL, NULL, '2026-02-13T21:00:59.248284+00:00', NULL, 13684, 60, 'act_2223094124606317', NULL, NULL, true, 500, 'roas', 'gte', 1, '2026-05-17T11:55:36.265+00:00', '2026-03-14T12:31:54.193+00:00', NULL, '2026-05-17T12:15:04.94+00:00', NULL, 'Bearaby', '2026-03-15T07:13:45.943+00:00', 'https://goodostudios.com', false, NULL, '{}', NULL, 'Purchase ROAS > 1.5x', 'none', 2, 'CTR, Hook Rate, Volume', '12h', 2, 'America/New_York', NULL, NULL, NULL, NULL, NULL, 12954, '2026-05-17T12:15:04.955806+00:00', 1, 'roas', 'gte', 2, 2) ON CONFLICT (id) DO UPDATE SET name=EXCLUDED.name, is_active=EXCLUDED.is_active, sync_frequency=EXCLUDED.sync_frequency, date_range_days=EXCLUDED.date_range_days, updated_at=EXCLUDED.updated_at;
INSERT INTO public.ad_accounts (attribution_model, attribution_notes, click_window, client_responsiveness, client_start_date, company_description, company_pdf_url, created_at, creative_analysis_prompt, creative_count, date_range_days, id, industry_category, insights_prompt, is_active, iteration_spend_threshold, kill_scale_kpi, kill_scale_kpi_direction, kill_threshold, last_data_sync, last_media_sync, last_scheduled_report_at, last_synced_at, logo_url, name, next_sync_at, portfolio_cta_url, portfolio_enabled, portfolio_headline, portfolio_results, portfolio_slug, primary_kpi, report_schedule, scale_threshold, secondary_kpis, sync_frequency, sync_hour, sync_timezone, target_cpa, target_monthly_spend, target_roas, tiktok_access_token, tiktok_advertiser_id, untagged_count, updated_at, view_window, winner_kpi, winner_kpi_direction, winner_kpi_threshold, winner_roas_threshold) VALUES ('last_touch', NULL, 7, 'good', NULL, NULL, NULL, '2026-02-13T21:01:29.522799+00:00', NULL, 403, 60, 'act_26608804', NULL, NULL, true, 500, 'roas', 'gte', 1, '2026-05-17T13:26:17.661+00:00', '2026-03-14T11:41:42.792+00:00', NULL, '2026-05-17T13:35:13.514+00:00', NULL, 'Sewing Parts Online', '2026-03-15T07:14:09.506+00:00', 'https://goodostudios.com', false, NULL, '{}', NULL, 'Purchase ROAS > 1.5x', 'none', 2, 'CTR, Hook Rate, Volume', '12h', 2, 'America/New_York', NULL, NULL, NULL, NULL, NULL, 226, '2026-05-17T13:35:13.555283+00:00', 1, 'roas', 'gte', 2, 2) ON CONFLICT (id) DO UPDATE SET name=EXCLUDED.name, is_active=EXCLUDED.is_active, sync_frequency=EXCLUDED.sync_frequency, date_range_days=EXCLUDED.date_range_days, updated_at=EXCLUDED.updated_at;
INSERT INTO public.ad_accounts (attribution_model, attribution_notes, click_window, client_responsiveness, client_start_date, company_description, company_pdf_url, created_at, creative_analysis_prompt, creative_count, date_range_days, id, industry_category, insights_prompt, is_active, iteration_spend_threshold, kill_scale_kpi, kill_scale_kpi_direction, kill_threshold, last_data_sync, last_media_sync, last_scheduled_report_at, last_synced_at, logo_url, name, next_sync_at, portfolio_cta_url, portfolio_enabled, portfolio_headline, portfolio_results, portfolio_slug, primary_kpi, report_schedule, scale_threshold, secondary_kpis, sync_frequency, sync_hour, sync_timezone, target_cpa, target_monthly_spend, target_roas, tiktok_access_token, tiktok_advertiser_id, untagged_count, updated_at, view_window, winner_kpi, winner_kpi_direction, winner_kpi_threshold, winner_roas_threshold) VALUES ('last_touch', NULL, 7, 'good', NULL, NULL, NULL, '2026-02-13T20:54:22.700027+00:00', NULL, 405, 60, 'act_740559457651983', NULL, NULL, true, 500, 'roas', 'gte', 1, '2026-05-17T12:00:18.578+00:00', '2026-03-14T12:00:40.68+00:00', NULL, '2026-05-17T12:00:54.585+00:00', NULL, 'Small Wonder', '2026-03-15T07:14:11.694+00:00', 'https://goodostudios.com', false, NULL, '{}', NULL, 'Purchase ROAS > 1.5x', 'none', 2, 'CTR, Hook Rate, Volume', '12h', 2, 'America/New_York', NULL, NULL, NULL, NULL, NULL, 286, '2026-05-17T12:00:54.626272+00:00', 1, 'roas', 'gte', 2, 2) ON CONFLICT (id) DO UPDATE SET name=EXCLUDED.name, is_active=EXCLUDED.is_active, sync_frequency=EXCLUDED.sync_frequency, date_range_days=EXCLUDED.date_range_days, updated_at=EXCLUDED.updated_at;
INSERT INTO public.ad_accounts (attribution_model, attribution_notes, click_window, client_responsiveness, client_start_date, company_description, company_pdf_url, created_at, creative_analysis_prompt, creative_count, date_range_days, id, industry_category, insights_prompt, is_active, iteration_spend_threshold, kill_scale_kpi, kill_scale_kpi_direction, kill_threshold, last_data_sync, last_media_sync, last_scheduled_report_at, last_synced_at, logo_url, name, next_sync_at, portfolio_cta_url, portfolio_enabled, portfolio_headline, portfolio_results, portfolio_slug, primary_kpi, report_schedule, scale_threshold, secondary_kpis, sync_frequency, sync_hour, sync_timezone, target_cpa, target_monthly_spend, target_roas, tiktok_access_token, tiktok_advertiser_id, untagged_count, updated_at, view_window, winner_kpi, winner_kpi_direction, winner_kpi_threshold, winner_roas_threshold) VALUES ('last_touch', NULL, 7, 'good', NULL, NULL, NULL, '2026-04-15T00:19:00.035225+00:00', NULL, 3098, 180, 'act_306755179745605', NULL, NULL, true, 50, 'roas', 'gte', 1, '2026-05-17T10:39:40.801+00:00', '2026-04-15T03:00:07.499+00:00', NULL, '2026-05-17T11:12:31.58+00:00', NULL, 'MS1', NULL, 'https://goodostudios.com', false, NULL, '{}', NULL, 'Purchase ROAS > 1.5x', 'none', 2, 'CTR, Hook Rate, Volume', 'manual', 2, 'America/New_York', NULL, NULL, NULL, NULL, NULL, 298, '2026-05-17T11:12:31.59202+00:00', 1, 'roas', 'gte', 2, 2) ON CONFLICT (id) DO UPDATE SET name=EXCLUDED.name, is_active=EXCLUDED.is_active, sync_frequency=EXCLUDED.sync_frequency, date_range_days=EXCLUDED.date_range_days, updated_at=EXCLUDED.updated_at;
INSERT INTO public.ad_accounts (attribution_model, attribution_notes, click_window, client_responsiveness, client_start_date, company_description, company_pdf_url, created_at, creative_analysis_prompt, creative_count, date_range_days, id, industry_category, insights_prompt, is_active, iteration_spend_threshold, kill_scale_kpi, kill_scale_kpi_direction, kill_threshold, last_data_sync, last_media_sync, last_scheduled_report_at, last_synced_at, logo_url, name, next_sync_at, portfolio_cta_url, portfolio_enabled, portfolio_headline, portfolio_results, portfolio_slug, primary_kpi, report_schedule, scale_threshold, secondary_kpis, sync_frequency, sync_hour, sync_timezone, target_cpa, target_monthly_spend, target_roas, tiktok_access_token, tiktok_advertiser_id, untagged_count, updated_at, view_window, winner_kpi, winner_kpi_direction, winner_kpi_threshold, winner_roas_threshold) VALUES ('last_touch', NULL, 7, 'good', NULL, NULL, NULL, '2026-02-13T21:01:22.235187+00:00', NULL, 339, 60, 'act_138695479815833', NULL, NULL, true, 500, 'roas', 'gte', 1, '2026-05-17T11:44:15.759+00:00', '2026-03-14T11:50:31.932+00:00', NULL, '2026-05-17T11:45:48.607+00:00', NULL, 'Galileo Camps', '2026-03-15T07:13:56.214+00:00', 'https://goodostudios.com', false, NULL, '{}', NULL, 'Purchase ROAS > 1.5x', 'none', 2, 'CTR, Hook Rate, Volume', '12h', 2, 'America/New_York', NULL, NULL, NULL, NULL, NULL, 288, '2026-05-17T11:45:48.650029+00:00', 1, 'roas', 'gte', 2, 2) ON CONFLICT (id) DO UPDATE SET name=EXCLUDED.name, is_active=EXCLUDED.is_active, sync_frequency=EXCLUDED.sync_frequency, date_range_days=EXCLUDED.date_range_days, updated_at=EXCLUDED.updated_at;
INSERT INTO public.ad_accounts (attribution_model, attribution_notes, click_window, client_responsiveness, client_start_date, company_description, company_pdf_url, created_at, creative_analysis_prompt, creative_count, date_range_days, id, industry_category, insights_prompt, is_active, iteration_spend_threshold, kill_scale_kpi, kill_scale_kpi_direction, kill_threshold, last_data_sync, last_media_sync, last_scheduled_report_at, last_synced_at, logo_url, name, next_sync_at, portfolio_cta_url, portfolio_enabled, portfolio_headline, portfolio_results, portfolio_slug, primary_kpi, report_schedule, scale_threshold, secondary_kpis, sync_frequency, sync_hour, sync_timezone, target_cpa, target_monthly_spend, target_roas, tiktok_access_token, tiktok_advertiser_id, untagged_count, updated_at, view_window, winner_kpi, winner_kpi_direction, winner_kpi_threshold, winner_roas_threshold) VALUES ('last_touch', NULL, 7, 'good', NULL, NULL, NULL, '2026-02-13T21:00:48.700663+00:00', NULL, 4000, 60, 'act_2654200224627315', NULL, NULL, true, 500, 'roas', 'gte', 1, '2026-05-17T10:00:38.29+00:00', '2026-03-14T10:41:55.362+00:00', NULL, '2026-05-17T10:09:50.102+00:00', NULL, 'RoYo Bread', '2026-03-15T07:14:07.373+00:00', 'https://goodostudios.com', false, NULL, '{}', NULL, 'Purchase ROAS > 1.5x', 'none', 2, 'CTR, Hook Rate, Volume', '12h', 2, 'America/New_York', NULL, NULL, NULL, NULL, NULL, 2858, '2026-05-17T21:37:03.659837+00:00', 1, 'roas', 'gte', 2, 2) ON CONFLICT (id) DO UPDATE SET name=EXCLUDED.name, is_active=EXCLUDED.is_active, sync_frequency=EXCLUDED.sync_frequency, date_range_days=EXCLUDED.date_range_days, updated_at=EXCLUDED.updated_at;
INSERT INTO public.ad_accounts (attribution_model, attribution_notes, click_window, client_responsiveness, client_start_date, company_description, company_pdf_url, created_at, creative_analysis_prompt, creative_count, date_range_days, id, industry_category, insights_prompt, is_active, iteration_spend_threshold, kill_scale_kpi, kill_scale_kpi_direction, kill_threshold, last_data_sync, last_media_sync, last_scheduled_report_at, last_synced_at, logo_url, name, next_sync_at, portfolio_cta_url, portfolio_enabled, portfolio_headline, portfolio_results, portfolio_slug, primary_kpi, report_schedule, scale_threshold, secondary_kpis, sync_frequency, sync_hour, sync_timezone, target_cpa, target_monthly_spend, target_roas, tiktok_access_token, tiktok_advertiser_id, untagged_count, updated_at, view_window, winner_kpi, winner_kpi_direction, winner_kpi_threshold, winner_roas_threshold) VALUES ('last_touch', NULL, 7, 'good', NULL, NULL, NULL, '2026-02-13T05:10:50.240582+00:00', NULL, 815, 60, 'act_1058298398102027', NULL, NULL, true, 500, 'roas', 'gte', 0.7, '2026-05-17T13:46:18.139+00:00', '2026-03-14T11:31:56.989+00:00', NULL, '2026-05-17T13:49:40.116+00:00', NULL, 'Cane Masters', '2026-03-15T07:13:49.455+00:00', 'https://goodostudios.com', false, NULL, '{}', NULL, 'Purchase ROAS > 1.5x', 'none', 1.2, 'CTR, Hook Rate, Volume', '12h', 2, 'America/New_York', NULL, NULL, NULL, NULL, NULL, 563, '2026-05-17T13:49:40.159382+00:00', 1, 'roas', 'gte', 1.2, 2) ON CONFLICT (id) DO UPDATE SET name=EXCLUDED.name, is_active=EXCLUDED.is_active, sync_frequency=EXCLUDED.sync_frequency, date_range_days=EXCLUDED.date_range_days, updated_at=EXCLUDED.updated_at;
INSERT INTO public.ad_accounts (attribution_model, attribution_notes, click_window, client_responsiveness, client_start_date, company_description, company_pdf_url, created_at, creative_analysis_prompt, creative_count, date_range_days, id, industry_category, insights_prompt, is_active, iteration_spend_threshold, kill_scale_kpi, kill_scale_kpi_direction, kill_threshold, last_data_sync, last_media_sync, last_scheduled_report_at, last_synced_at, logo_url, name, next_sync_at, portfolio_cta_url, portfolio_enabled, portfolio_headline, portfolio_results, portfolio_slug, primary_kpi, report_schedule, scale_threshold, secondary_kpis, sync_frequency, sync_hour, sync_timezone, target_cpa, target_monthly_spend, target_roas, tiktok_access_token, tiktok_advertiser_id, untagged_count, updated_at, view_window, winner_kpi, winner_kpi_direction, winner_kpi_threshold, winner_roas_threshold) VALUES ('last_touch', NULL, 7, 'good', NULL, NULL, NULL, '2026-03-16T13:42:28.718167+00:00', NULL, 1292, 180, 'act_570190447554146', NULL, NULL, true, 50, 'roas', 'gte', 1, '2026-05-16T12:21:47.704+00:00', '2026-03-17T03:00:07.095+00:00', NULL, '2026-05-16T12:43:41.827+00:00', NULL, 'Smokeshow', NULL, 'https://goodostudios.com', false, NULL, '{}', NULL, 'Purchase ROAS > 1.5x', 'none', 2, 'CTR, Hook Rate, Volume', 'manual', 2, 'America/New_York', NULL, NULL, NULL, NULL, NULL, 125, '2026-05-17T12:30:30.863939+00:00', 1, 'roas', 'gte', 2, 2) ON CONFLICT (id) DO UPDATE SET name=EXCLUDED.name, is_active=EXCLUDED.is_active, sync_frequency=EXCLUDED.sync_frequency, date_range_days=EXCLUDED.date_range_days, updated_at=EXCLUDED.updated_at;
INSERT INTO public.ad_accounts (attribution_model, attribution_notes, click_window, client_responsiveness, client_start_date, company_description, company_pdf_url, created_at, creative_analysis_prompt, creative_count, date_range_days, id, industry_category, insights_prompt, is_active, iteration_spend_threshold, kill_scale_kpi, kill_scale_kpi_direction, kill_threshold, last_data_sync, last_media_sync, last_scheduled_report_at, last_synced_at, logo_url, name, next_sync_at, portfolio_cta_url, portfolio_enabled, portfolio_headline, portfolio_results, portfolio_slug, primary_kpi, report_schedule, scale_threshold, secondary_kpis, sync_frequency, sync_hour, sync_timezone, target_cpa, target_monthly_spend, target_roas, tiktok_access_token, tiktok_advertiser_id, untagged_count, updated_at, view_window, winner_kpi, winner_kpi_direction, winner_kpi_threshold, winner_roas_threshold) VALUES ('last_touch', NULL, 7, 'good', NULL, NULL, NULL, '2026-03-27T12:59:04.431964+00:00', NULL, 473, 180, 'act_2656712884604721', NULL, NULL, true, 50, 'roas', 'gte', 1, '2026-05-17T13:15:09.532+00:00', '2026-03-27T15:00:04.059+00:00', NULL, '2026-05-17T13:18:49.681+00:00', NULL, 'Velora', NULL, 'https://goodostudios.com', false, NULL, '{}', NULL, 'Purchase ROAS > 1.5x', 'none', 2, 'CTR, Hook Rate, Volume', 'manual', 2, 'America/New_York', NULL, NULL, NULL, NULL, NULL, 339, '2026-05-17T13:18:49.723318+00:00', 1, 'roas', 'gte', 2, 2) ON CONFLICT (id) DO UPDATE SET name=EXCLUDED.name, is_active=EXCLUDED.is_active, sync_frequency=EXCLUDED.sync_frequency, date_range_days=EXCLUDED.date_range_days, updated_at=EXCLUDED.updated_at;
INSERT INTO public.ad_accounts (attribution_model, attribution_notes, click_window, client_responsiveness, client_start_date, company_description, company_pdf_url, created_at, creative_analysis_prompt, creative_count, date_range_days, id, industry_category, insights_prompt, is_active, iteration_spend_threshold, kill_scale_kpi, kill_scale_kpi_direction, kill_threshold, last_data_sync, last_media_sync, last_scheduled_report_at, last_synced_at, logo_url, name, next_sync_at, portfolio_cta_url, portfolio_enabled, portfolio_headline, portfolio_results, portfolio_slug, primary_kpi, report_schedule, scale_threshold, secondary_kpis, sync_frequency, sync_hour, sync_timezone, target_cpa, target_monthly_spend, target_roas, tiktok_access_token, tiktok_advertiser_id, untagged_count, updated_at, view_window, winner_kpi, winner_kpi_direction, winner_kpi_threshold, winner_roas_threshold) VALUES ('last_touch', NULL, 7, 'good', NULL, NULL, NULL, '2026-02-13T21:00:33.337891+00:00', NULL, 5405, 60, 'act_225473758572595', NULL, NULL, true, 500, 'roas', 'gte', 1, '2026-05-17T12:28:20.576+00:00', '2026-03-14T11:21:56.897+00:00', NULL, '2026-05-17T12:57:34.074+00:00', NULL, 'Reactive Outdoor', '2026-03-15T07:14:04.993+00:00', 'https://goodostudios.com', false, NULL, '{}', NULL, 'Purchase ROAS > 1.5x', 'none', 2, 'CTR, Hook Rate, Volume', '12h', 2, 'America/New_York', NULL, NULL, NULL, NULL, NULL, 4914, '2026-05-17T12:57:34.088114+00:00', 1, 'roas', 'gte', 2, 2) ON CONFLICT (id) DO UPDATE SET name=EXCLUDED.name, is_active=EXCLUDED.is_active, sync_frequency=EXCLUDED.sync_frequency, date_range_days=EXCLUDED.date_range_days, updated_at=EXCLUDED.updated_at;
INSERT INTO public.ad_accounts (attribution_model, attribution_notes, click_window, client_responsiveness, client_start_date, company_description, company_pdf_url, created_at, creative_analysis_prompt, creative_count, date_range_days, id, industry_category, insights_prompt, is_active, iteration_spend_threshold, kill_scale_kpi, kill_scale_kpi_direction, kill_threshold, last_data_sync, last_media_sync, last_scheduled_report_at, last_synced_at, logo_url, name, next_sync_at, portfolio_cta_url, portfolio_enabled, portfolio_headline, portfolio_results, portfolio_slug, primary_kpi, report_schedule, scale_threshold, secondary_kpis, sync_frequency, sync_hour, sync_timezone, target_cpa, target_monthly_spend, target_roas, tiktok_access_token, tiktok_advertiser_id, untagged_count, updated_at, view_window, winner_kpi, winner_kpi_direction, winner_kpi_threshold, winner_roas_threshold) VALUES ('last_touch', NULL, 7, 'good', NULL, NULL, NULL, '2026-04-15T00:22:42.357693+00:00', NULL, 1075, 180, 'act_1233881692132906', NULL, NULL, true, 50, 'roas', 'gte', 1, '2026-05-17T13:44:32.117+00:00', '2026-04-15T15:00:06.508+00:00', NULL, '2026-05-17T13:46:34.014+00:00', NULL, 'New Sheet Pixel (Buy.Miracle)', NULL, 'https://goodostudios.com', false, NULL, '{}', NULL, 'Purchase ROAS > 1.5x', 'none', 2, 'CTR, Hook Rate, Volume', 'manual', 2, 'America/New_York', NULL, NULL, NULL, NULL, NULL, 0, '2026-05-17T13:46:34.061371+00:00', 1, 'roas', 'gte', 2, 2) ON CONFLICT (id) DO UPDATE SET name=EXCLUDED.name, is_active=EXCLUDED.is_active, sync_frequency=EXCLUDED.sync_frequency, date_range_days=EXCLUDED.date_range_days, updated_at=EXCLUDED.updated_at;
INSERT INTO public.ad_accounts (attribution_model, attribution_notes, click_window, client_responsiveness, client_start_date, company_description, company_pdf_url, created_at, creative_analysis_prompt, creative_count, date_range_days, id, industry_category, insights_prompt, is_active, iteration_spend_threshold, kill_scale_kpi, kill_scale_kpi_direction, kill_threshold, last_data_sync, last_media_sync, last_scheduled_report_at, last_synced_at, logo_url, name, next_sync_at, portfolio_cta_url, portfolio_enabled, portfolio_headline, portfolio_results, portfolio_slug, primary_kpi, report_schedule, scale_threshold, secondary_kpis, sync_frequency, sync_hour, sync_timezone, target_cpa, target_monthly_spend, target_roas, tiktok_access_token, tiktok_advertiser_id, untagged_count, updated_at, view_window, winner_kpi, winner_kpi_direction, winner_kpi_threshold, winner_roas_threshold) VALUES ('last_touch', NULL, 7, 'good', NULL, NULL, NULL, '2026-02-13T20:59:59.770886+00:00', NULL, 12252, 60, 'act_353135616606292', NULL, NULL, true, 500, 'roas', 'gte', 1, '2026-05-03T11:02:27.715+00:00', '2026-03-14T12:36:05.981+00:00', NULL, '2026-05-03T11:35:35.568+00:00', NULL, 'Everdries', '2026-03-15T07:13:51.851+00:00', 'https://goodostudios.com', false, NULL, '{}', NULL, 'Purchase ROAS > 1.5x', 'none', 2, 'CTR, Hook Rate, Volume', '12h', 2, 'America/New_York', NULL, NULL, NULL, NULL, NULL, 10404, '2026-05-03T11:35:35.599435+00:00', 1, 'roas', 'gte', 2, 2) ON CONFLICT (id) DO UPDATE SET name=EXCLUDED.name, is_active=EXCLUDED.is_active, sync_frequency=EXCLUDED.sync_frequency, date_range_days=EXCLUDED.date_range_days, updated_at=EXCLUDED.updated_at;
INSERT INTO public.ad_accounts (attribution_model, attribution_notes, click_window, client_responsiveness, client_start_date, company_description, company_pdf_url, created_at, creative_analysis_prompt, creative_count, date_range_days, id, industry_category, insights_prompt, is_active, iteration_spend_threshold, kill_scale_kpi, kill_scale_kpi_direction, kill_threshold, last_data_sync, last_media_sync, last_scheduled_report_at, last_synced_at, logo_url, name, next_sync_at, portfolio_cta_url, portfolio_enabled, portfolio_headline, portfolio_results, portfolio_slug, primary_kpi, report_schedule, scale_threshold, secondary_kpis, sync_frequency, sync_hour, sync_timezone, target_cpa, target_monthly_spend, target_roas, tiktok_access_token, tiktok_advertiser_id, untagged_count, updated_at, view_window, winner_kpi, winner_kpi_direction, winner_kpi_threshold, winner_roas_threshold) VALUES ('last_touch', NULL, 7, 'good', NULL, NULL, NULL, '2026-04-03T15:22:31.85094+00:00', NULL, 790, 180, 'act_1555567991309641', NULL, NULL, true, 50, 'roas', 'gte', 1, '2026-05-16T13:40:32.429+00:00', '2026-04-04T03:00:04.127+00:00', NULL, '2026-05-16T13:46:26.586+00:00', NULL, 'BelliWelli Internal - USD1', NULL, 'https://goodostudios.com', false, NULL, '{}', NULL, 'Purchase ROAS > 1.5x', 'none', 2, 'CTR, Hook Rate, Volume', 'manual', 2, 'America/New_York', NULL, NULL, NULL, NULL, NULL, 607, '2026-05-16T13:46:27.344199+00:00', 1, 'roas', 'gte', 2, 2) ON CONFLICT (id) DO UPDATE SET name=EXCLUDED.name, is_active=EXCLUDED.is_active, sync_frequency=EXCLUDED.sync_frequency, date_range_days=EXCLUDED.date_range_days, updated_at=EXCLUDED.updated_at;
INSERT INTO public.ad_accounts (attribution_model, attribution_notes, click_window, client_responsiveness, client_start_date, company_description, company_pdf_url, created_at, creative_analysis_prompt, creative_count, date_range_days, id, industry_category, insights_prompt, is_active, iteration_spend_threshold, kill_scale_kpi, kill_scale_kpi_direction, kill_threshold, last_data_sync, last_media_sync, last_scheduled_report_at, last_synced_at, logo_url, name, next_sync_at, portfolio_cta_url, portfolio_enabled, portfolio_headline, portfolio_results, portfolio_slug, primary_kpi, report_schedule, scale_threshold, secondary_kpis, sync_frequency, sync_hour, sync_timezone, target_cpa, target_monthly_spend, target_roas, tiktok_access_token, tiktok_advertiser_id, untagged_count, updated_at, view_window, winner_kpi, winner_kpi_direction, winner_kpi_threshold, winner_roas_threshold) VALUES ('last_touch', NULL, 7, 'good', NULL, NULL, NULL, '2026-04-22T23:10:24.164867+00:00', NULL, 2949, 180, 'act_2447936245398630', NULL, NULL, true, 50, 'roas', 'gte', 1, '2026-05-17T14:01:38.865+00:00', '2026-04-23T03:00:15.906+00:00', NULL, '2026-05-17T14:21:10.705+00:00', NULL, 'Flatpack NZD', NULL, 'https://goodostudios.com', false, NULL, '{}', NULL, 'Purchase ROAS > 1.5x', 'none', 2, 'CTR, Hook Rate, Volume', 'manual', 2, 'America/New_York', NULL, NULL, NULL, NULL, NULL, 2303, '2026-05-17T14:21:10.722892+00:00', 1, 'roas', 'gte', 2, 2) ON CONFLICT (id) DO UPDATE SET name=EXCLUDED.name, is_active=EXCLUDED.is_active, sync_frequency=EXCLUDED.sync_frequency, date_range_days=EXCLUDED.date_range_days, updated_at=EXCLUDED.updated_at;

-- 4. SETTINGS (app.supabase_url updated to new project)
INSERT INTO public.settings (key, value) VALUES ('meta_access_token', '') ON CONFLICT (key) DO UPDATE SET value=EXCLUDED.value;
INSERT INTO public.settings (key, value) VALUES ('gemini_api_key', '') ON CONFLICT (key) DO UPDATE SET value=EXCLUDED.value;
INSERT INTO public.settings (key, value) VALUES ('sync_frequency', 'manual') ON CONFLICT (key) DO UPDATE SET value=EXCLUDED.value;
INSERT INTO public.settings (key, value) VALUES ('app_password', '') ON CONFLICT (key) DO UPDATE SET value=EXCLUDED.value;
INSERT INTO public.settings (key, value) VALUES ('date_range_days', '45') ON CONFLICT (key) DO UPDATE SET value=EXCLUDED.value;
INSERT INTO public.settings (key, value) VALUES ('winner_roas_threshold', '2.0') ON CONFLICT (key) DO UPDATE SET value=EXCLUDED.value;
INSERT INTO public.settings (key, value) VALUES ('iteration_spend_threshold', '50') ON CONFLICT (key) DO UPDATE SET value=EXCLUDED.value;
INSERT INTO public.settings (key, value) VALUES ('sync_schedule', '{"enabled":true,"time_utc":"10:00","hour_utc":10,"cron_expression":"0 10 * * *","description":"Daily at 2:00 AM PST (10:00 AM UTC)"}') ON CONFLICT (key) DO UPDATE SET value=EXCLUDED.value;
INSERT INTO public.settings (key, value) VALUES ('sync_cooldown_minutes', '5') ON CONFLICT (key) DO UPDATE SET value=EXCLUDED.value;
INSERT INTO public.settings (key, value) VALUES ('app.supabase_url', 'https://gwyxaqoaldnaavkjqquv.supabase.co') ON CONFLICT (key) DO UPDATE SET value=EXCLUDED.value;

-- 5. API KEYS
INSERT INTO public.api_keys (id, created_at, expires_at, is_active, key_hash, key_prefix, last_used_at, name, permissions, user_id) VALUES ('75c579c9-a7b7-4ef8-9939-55801e79ccf9', '2026-02-18T04:07:10.100378', NULL, true, 'f3238cb79b76c5f196048a16d1203a12423ab832927887676c82af52bc371477', 'vdn_9d75', NULL, 'Test Key', '{"read"}', '83b04526-3ebc-4127-971e-e33ba67df954') ON CONFLICT (id) DO NOTHING;
INSERT INTO public.api_keys (id, created_at, expires_at, is_active, key_hash, key_prefix, last_used_at, name, permissions, user_id) VALUES ('78a03921-c7bf-4280-bc0f-b9d65796f333', '2026-02-27T05:04:41.71596', NULL, true, '53f7906252f15a0833748b1987a4d05ba66b8a6b9cbad1f36790f14f206c2472', 'vdn_9066', '2026-03-11T15:39:17.898', 'Sadie Dunhill', '{"read"}', '83b04526-3ebc-4127-971e-e33ba67df954') ON CONFLICT (id) DO NOTHING;

